email,subject,message

ozanyldz95@gmail.com,ASDASFAS,asdasdas
ozanyldz95@gmail.com,ASDASFAS,asdasdas
ozanyldz95@gmail.com,ASDASFAS,asdasdas
ozanyldz95@gmail.com,ASDASFAS,asdasdas
run flaruozanyldz95@gmail.com,ASDASFAS,asdasdas
ozanyldz95@gmail.com,katalog,asdsafsa
ASDSAF@ASDSAFAS.COM,ASDASFAS,asdasd
ozanyldz95@gmail.com,ASDASFAS,asdas
ASDSAF@ASDSAFAS.COM,ASDASFAS,asdasdasd
ASDSAF@ASDSAFAS.COM,ASDASFAS,asdasd
ozanyldz95@gmail.com,ASDASFAS,asdasd
ozanyldz95@gmail.com,ASDASFAS,
ozanyldz95@gmail.com,ASDASFAS,selam uzayli
